time,C
0,3.670722452
1,3.602568118
2,3.535679207
3,3.470032222
4,3.405604105
5,3.342372226
6,3.280314373
8,3.159633961
10,3.043393294
12,2.931429038
15,2.771158362
18,2.619650201
24,2.341031314
32,2.015080721
48,1.493010623
72,0.952178942
96,0.607259402
120,0.387284327
144,0.246993541
